id,URL,headline,author,date
7df9ab59-4f03-48c2-88f7-a5102091b446,https://www.theverge.com/2023/3/28/23660059/tears-of-the-kingdom-open-world-potential-nintendo-switch,Tears of the Kingdom is going to ruin our lives and I’m here for it,Ash Parrish,2023-03-28T17:04:24.412Z
1a5156b7-d6e9-4fad-854e-ab13beb6515f,https://www.theverge.com/2023/3/28/23659883/titmouse-5-second-night-2023,Titmouse’s 5 Second Night animation showcase is back with a vengeance,Charles Pulliam-Moore,2023-03-28T20:07:02.187Z
6e4187b9-b508-4ff9-9882-de22be4740ec,https://www.theverge.com/2023/3/28/23660473/substack-retail-investors-revenue-profit,How much money do we think Substack lost last year?,Elizabeth Lopatto,2023-03-28T19:33:48.459Z
f5ce44c3-cc3d-486f-8f10-a46cc9126c68,https://www.theverge.com/23658648/mastodon-ceo-twitter-interview-elon-musk-twitter,Can Mastodon seize the moment from Twitter?,Nilay Patel,2023-03-28T15:30:00.000Z
f52e5d01-05ec-437c-880b-1086f441cea7,https://www.theverge.com/2023/3/28/23658646/nasa-venus-funding-scientist-reaction-volcano-veritas,Scientists erupt at NASA gutting funding for crucial Venus mission,Georgina Torbet,2023-03-28T16:52:31.927Z
0c9e6b4d-7efd-4c22-9c3c-5fdea405a694,https://www.theverge.com/2023/3/28/23660128/apple-pay-later-buy-now-launches,Apple Pay Later is finally launching,Emma Roth,2023-03-28T15:45:22.521Z
a6cb8193-e50d-43f2-8855-e6973120cc9c,https://www.theverge.com/2023/3/28/23660538/google-partnership-adt-self-setup-diy-home-security,Google’s ADT partnership finally has a new home security product to show for it,Jennifer Pattison Tuohy,2023-03-28T21:38:22.513Z
5258aa8b-00a1-4c53-9fdd-a835752b6a0e,https://www.theverge.com/2023/3/28/23660742/paramount-plus-star-trek-lower-decks-season-5-strange-new-worlds-3,Paramount Plus has renewed Star Trek: Lower Decks and Star Trek: Strange New Worlds,Charles Pulliam-Moore,2023-03-28T21:30:14.742Z
c0154573-cc60-4cc6-8649-eccd9e582f3d,https://www.theverge.com/2023/3/28/23660653/google-search-results-perspectives-carousel-about-this-page-author,Google is going to show a new ‘Perspectives’ carousel in search results,Jay Peters,2023-03-28T21:17:17.078Z
6827b440-5d66-4bf2-a47b-3f4160c1a5ea,https://www.theverge.com/2023/3/28/23660623/adnan-syed-murder-conviction-reinstated-serial,Adnan Syed’s murder conviction has been reinstated,Emma Roth,2023-03-28T21:08:12.935Z
c3cf710f-0a9e-406d-8cd4-10a1edd01bce,https://www.theverge.com/2023/3/28/23660573/npr-layoff-podcast-adnan-syed-serial-apple-update-slate-youtube-amy-poehler,NPR prioritizes radio over podcasts with steep cuts,Ariel Shapiro,2023-03-28T21:00:00.000Z
07c03f2e-fbf4-4ec8-962d-5a906877f7ed,https://www.theverge.com/2023/3/28/23659267/kia-ev9-full-size-suv-pics-specs-battery-range-lidar-adas,Kia sees an opening to dominate the full-size electric SUV segment with its big boxy EV9,Andrew J. Hawkins,2023-03-28T21:00:00.000Z
e321d018-5983-4333-88ea-4d3c4886898c,https://www.theverge.com/23653141/tiktok-ban-bytedance-congress-hearing-first-amendment-open-internet,The TikTok ban is a betrayal of the open internet,Adi Robertson,2023-03-27T14:55:18.397Z
a17008eb-5a5a-4ee1-8709-c70e85ed2d7c,https://www.theverge.com/2023/3/28/23660202/starbucks-notification-test1-seank,You’re not the only one who just got a Starbucks test notification,Mitchell Clark,2023-03-28T19:32:21.536Z
c0e7cd79-6b5c-482e-8562-91ba8ca0f788,https://www.theverge.com/23660204/nintendo-switch-oled-zelda-tears-of-the-kingdom-edition-preorder-release-date-price,Here’s where you can preorder Nintendo’s Zelda-inspired Switch OLED,Sheena Vasani,2023-03-28T19:09:10.444Z
bb0afccf-2ff9-43e5-808b-f734a1c04a6d,https://www.theverge.com/2023/3/28/23660005/e-fuels-internal-combustion-engine-car-european-union-2035-climate-deadline,E-fuels could keep combustion engine cars on the road in the EU past its 2035 climate deadline,Justine Calma,2023-03-28T19:08:18.278Z
8dc394a3-bdc8-417f-a09e-21531821ae33,https://www.theverge.com/2023/3/28/23660427/new-x-files-series-ryan-coogler-chris-carter,There might be new X-Files from Black Panther director Ryan Coogler,Alex Cranz,2023-03-28T18:50:04.045Z
a50b2b83-bfdc-46ed-8ab5-321195e2303b,https://www.theverge.com/2023/3/28/23660289/spotify-niche-mix-personalized-playlist-music-algorithm,Spotify’s Niche Mixes spare you from building your own weirdly specific playlists,Jess Weatherbed,2023-03-28T18:34:50.278Z
d6ce809c-d261-4e68-bd37-a2e1cfefafab,https://www.theverge.com/2023/3/28/23660076/sam-bankman-fried-accused-bribe-chinese-officials-ftx,Sam Bankman-Fried accused of sending a $40 million crypto bribe to Chinese officials,Emma Roth,2023-03-28T18:22:45.853Z
08a2721f-b380-4586-864e-aaa0b604f7a8,https://www.theverge.com/23657335/sonos-era-300-review-spatial-audio-atmos-speaker,Sonos Era 300 review: too ahead of its time,Chris Welch,2023-03-27T13:00:00.000Z
64bfaa77-87d9-4840-986d-ba7902942c70,https://www.theverge.com/2023/3/28/23660291/twitter-replies-update-confusing,Tweet replies no longer show who users are replying to,Jay Peters,2023-03-28T18:14:11.385Z
15da3d83-076c-4c3b-b124-e9940c2b0d85,https://www.theverge.com/2023/3/28/23660101/ai-competition-ftc-doj-lina-khan-jonathan-kanter-antitrust-summit,The US government is gearing up for an AI antitrust fight,Adi Robertson,2023-03-28T16:38:23.839Z
508aab4f-7cb4-46f6-9fb3-1aa6065adbb7,https://www.theverge.com/2023/3/28/23659711/microsoft-security-copilot-gpt-4-ai-tool-features,Microsoft Security Copilot is a new GPT-4 AI assistant for cybersecurity,Tom Warren,2023-03-28T15:30:00.000Z
7d719721-7d22-46ac-805d-1d2e9fb84c3c,https://www.theverge.com/2023/3/28/23659842/twitter-boost-elon-musk-dril-mrbeast-algorithm-accounts,Twitter is secretly boosting Elon Musk Dril and MrBeast for some reason,Emma Roth,2023-03-28T15:21:12.723Z
497f88f3-7a9c-4405-9345-8912bd93c44a,https://www.theverge.com/23658650/life-by-you-interview-rod-humble-sims-gdc-2023,Life by You is trying to shake up life sims with a greater sense of freedom,Andrew Webster,2023-03-28T15:00:00.000Z
d1a47980-ee72-4d34-a7f4-92df0ac9b81d,https://www.theverge.com/2023/3/28/23658228/zelda-tears-of-the-kingdom-gameplay-trailer-nintendo-switch,Here’s 10 minutes of The Legend of Zelda: Tears of the Kingdom gameplay,Ash Parrish,2023-03-28T14:45:46.174Z
112f3243-19a3-46ff-97a3-fe399b907f2f,https://www.theverge.com/2023/3/28/23659938/elemental-trailer-pixar-disney-release-date,Elemental’s first trailer is a bubbling sizzling feast for the eyes,Charles Pulliam-Moore,2023-03-28T14:45:00.000Z
51388cb8-9580-4dd3-b89b-2fbc1c8308c5,https://www.theverge.com/2023/3/28/23659814/legend-of-zelda-tears-of-the-kingdom-nintendo-switch-oled,Nintendo is releasing a Zelda-themed Switch OLED for Tears of the Kingdom,Andrew Webster,2023-03-28T14:34:23.644Z
e09b4686-952e-413a-bd9a-03dfb20fc092,https://www.theverge.com/2023/3/28/23659868/amazon-returns-warning-product-reviews-tag-feature,Amazon starts flagging ‘frequently returned’ products that you maybe shouldn’t buy,Jess Weatherbed,2023-03-28T14:29:08.579Z
8cc2842c-bab2-4d4b-9176-9b3b21dbbbd5,https://www.theverge.com/2023/3/28/23658178/amazon-echo-meta-quest-2-yeedi-vac-2-pro-zendure-supertank-pro-deal-sale,Amazon’s fourth-gen Echo is the cheapest it’s been since the holidays,Sheena Vasani,2023-03-28T13:30:00.000Z
